codon,aa,is_start,is_stop,b1,b2,b3
AAA,K,False,False,A,A,A
AAC,N,False,False,A,A,C
AAG,K,False,False,A,A,G
AAU,N,False,False,A,A,U
ACA,T,False,False,A,C,A
ACC,T,False,False,A,C,C
ACG,T,False,False,A,C,G
ACU,T,False,False,A,C,U
AGA,R,False,False,A,G,A
AGC,S,False,False,A,G,C
AGG,R,False,False,A,G,G
AGU,S,False,False,A,G,U
AUA,I,False,False,A,U,A
AUC,I,False,False,A,U,C
AUG,M,True,False,A,U,G
AUU,I,False,False,A,U,U
CAA,Q,False,False,C,A,A
CAC,H,False,False,C,A,C
CAG,Q,False,False,C,A,G
CAU,H,False,False,C,A,U
CCA,P,False,False,C,C,A
CCC,P,False,False,C,C,C
CCG,P,False,False,C,C,G
CCU,P,False,False,C,C,U
CGA,R,False,False,C,G,A
CGC,R,False,False,C,G,C
CGG,R,False,False,C,G,G
CGU,R,False,False,C,G,U
CUA,L,False,False,C,U,A
CUC,L,False,False,C,U,C
CUG,L,False,False,C,U,G
CUU,L,False,False,C,U,U
GAA,E,False,False,G,A,A
GAC,D,False,False,G,A,C
GAG,E,False,False,G,A,G
GAU,D,False,False,G,A,U
GCA,A,False,False,G,C,A
GCC,A,False,False,G,C,C
GCG,A,False,False,G,C,G
GCU,A,False,False,G,C,U
GGA,G,False,False,G,G,A
GGC,G,False,False,G,G,C
GGG,G,False,False,G,G,G
GGU,G,False,False,G,G,U
GUA,V,False,False,G,U,A
GUC,V,False,False,G,U,C
GUG,V,False,False,G,U,G
GUU,V,False,False,G,U,U
UAA,,False,True,U,A,A
UAC,Y,False,False,U,A,C
UAG,,False,True,U,A,G
UAU,Y,False,False,U,A,U
UCA,S,False,False,U,C,A
UCC,S,False,False,U,C,C
UCG,S,False,False,U,C,G
UCU,S,False,False,U,C,U
UGA,,False,True,U,G,A
UGC,C,False,False,U,G,C
UGG,W,False,False,U,G,G
UGU,C,False,False,U,G,U
UUA,L,False,False,U,U,A
UUC,F,False,False,U,U,C
UUG,L,False,False,U,U,G
UUU,F,False,False,U,U,U
